step,system_total_stopped,system_total_waiting_time,system_mean_speed,0_stopped,0_accumulated_waiting_time,0_average_speed,agents_total_stopped,agents_total_accumulated_waiting_time
5.0,0,0.0,1.75796332443133,0,0.0,0.10545670812425494,0,0.0
10.0,0,0.0,3.231459055437396,0,0.0,0.19384877357152944,0,0.0
15.0,0,0.0,5.137036479276139,0,0.0,0.3081605566452392,0,0.0
20.0,1,0.0,4.949510800496608,1,0.0,0.2685205089714633,1,0.0
25.0,4,10.0,3.8049153918094376,4,10.0,0.1626513937752748,4,10.0
30.0,5,31.0,3.4416887744608733,5,31.0,0.17031933287374343,5,31.0
35.0,7,62.0,2.4129500138996844,7,62.0,0.14636772799402048,7,62.0
40.0,9,105.0,2.2288407946568487,9,105.0,0.11114853168001476,9,105.0
45.0,13,161.0,1.5707408268105956,13,161.0,0.0736340365178293,13,161.0
50.0,6,30.0,1.4258140665274863,6,158.0,0.07668513622706051,6,158.0
55.0,2,16.0,2.6467028540659983,2,100.0,0.11763163683421783,2,100.0
60.0,2,26.0,4.357021927047937,2,60.0,0.1781094768168228,2,60.0
65.0,3,41.0,5.741292675262766,3,52.0,0.23462267414389815,3,52.0
70.0,6,61.0,6.015576924680123,6,61.0,0.2330463574982509,6,61.0
75.0,7,91.0,6.159785607025635,7,91.0,0.16407359293838578,7,91.0
80.0,9,129.0,4.646081470202615,9,129.0,0.12386808904302986,9,129.0
85.0,9,169.0,3.8202674024224748,9,169.0,0.14216185661789862,9,169.0
90.0,11,216.0,2.2379083134451156,11,216.0,0.0843214730547891,11,216.0
95.0,3,32.0,2.484247278882642,3,160.0,0.14508903396321493,3,160.0
100.0,3,26.0,3.332303267287916,3,76.0,0.16938874838532933,3,76.0
105.0,5,46.0,4.5443959621232315,5,65.0,0.2010881335936122,5,65.0
110.0,7,75.0,5.255138620128778,7,76.0,0.20731697883921862,7,76.0
115.0,9,116.0,4.840268828678348,9,117.0,0.15381802655083002,9,117.0
120.0,11,167.0,3.638790590776762,11,168.0,0.09006685821829058,11,168.0
125.0,14,230.0,2.2303092727287797,14,231.0,0.06133264425889825,14,231.0
130.0,16,308.0,1.4476622035968407,16,309.0,0.039600442024633316,16,309.0
135.0,20,400.0,0.869487399659817,20,401.0,0.027984174902509564,20,401.0
140.0,13,145.0,1.0729170593433743,13,386.0,0.055927183776534765,13,386.0
145.0,6,52.0,2.24414784006915,6,328.0,0.0935997020138651,6,328.0
150.0,2,5.0,4.225783687149079,2,226.0,0.15470242095739845,2,226.0
155.0,2,15.0,6.06992211772113,2,151.0,0.23590946299979412,2,151.0
160.0,3,25.0,6.302875285374738,3,83.0,0.2481031017075089,3,83.0
165.0,4,35.0,6.495956422081384,4,51.0,0.2298824354547109,4,51.0
170.0,2,45.0,7.018276112462057,2,45.0,0.2210600916816477,2,45.0
175.0,3,56.0,6.014597447374209,3,56.0,0.24190415012424787,3,56.0
180.0,6,74.0,2.386415470126525,6,74.0,0.14662364204950407,6,74.0
185.0,5,18.0,2.4264866164300174,5,59.0,0.14189276968461367,5,59.0
190.0,6,41.0,2.8369554731230133,6,42.0,0.14218369966446534,6,42.0
195.0,8,69.0,3.2754974932897962,8,69.0,0.09983064016927569,8,69.0
200.0,11,111.0,3.2575535286310893,11,111.0,0.1028041279435941,11,111.0
205.0,14,164.0,1.8531326033453324,14,164.0,0.087324113500714,14,164.0
210.0,16,229.0,1.9924712873490327,16,229.0,0.09926409473610671,16,229.0
215.0,18,307.0,1.6893029509882203,18,307.0,0.059961842074086294,18,307.0
220.0,22,398.0,1.9865033416133533,22,398.0,0.08242980968443123,22,398.0
225.0,24,509.0,1.2754772849430993,24,509.0,0.055329193282029614,24,509.0
230.0,17,227.0,1.088856568149795,17,515.0,0.0592601487929355,17,515.0
235.0,9,94.0,2.3009085495200723,9,413.0,0.10300127870736508,9,413.0
240.0,6,49.0,3.8873045394934524,6,376.0,0.1693325080765441,6,376.0
245.0,7,79.0,4.703845033958466,7,269.0,0.17502602890651275,7,269.0
250.0,8,119.0,5.0246745155623245,8,208.0,0.18114552816191212,8,208.0
255.0,11,166.0,4.822503679918834,11,193.0,0.152332686655258,11,193.0
260.0,12,224.0,4.491068716525563,12,224.0,0.09124134662015299,12,224.0
265.0,14,289.0,3.4888365589749983,14,289.0,0.0953176188920479,14,289.0
270.0,17,361.0,2.065641852878831,17,361.0,0.07379381799537867,17,361.0
275.0,10,107.0,1.5969414693752697,10,330.0,0.08868157671975832,10,330.0
280.0,8,61.0,2.414994070978406,8,226.0,0.10030187857687833,8,226.0
285.0,6,50.0,3.913851848025359,6,175.0,0.1421233962548179,6,175.0
290.0,10,85.0,4.349987912528201,10,185.0,0.15139923545312,10,185.0
295.0,12,133.0,3.991512318028258,12,171.0,0.1509007389800307,12,171.0
300.0,13,194.0,3.5187777629638664,13,204.0,0.11451243181245928,13,204.0
305.0,15,266.0,3.126381989945791,15,266.0,0.07774281990051553,15,266.0
310.0,18,349.0,2.0209969488005792,18,349.0,0.06206175814567608,18,349.0
315.0,21,448.0,1.0778562433219432,21,448.0,0.04820937935521072,21,448.0
320.0,17,222.0,1.1783889060316746,17,455.0,0.04756933796806952,17,455.0
325.0,9,88.0,2.174325552138516,9,371.0,0.0926305604163073,9,371.0
330.0,5,43.0,4.049392729322096,5,281.0,0.16080235657160755,5,281.0
335.0,7,71.0,5.080383034022294,7,239.0,0.1883297832976732,7,239.0
340.0,8,107.0,5.185414642938808,8,197.0,0.19843644253735543,8,197.0
345.0,9,149.0,5.045197931164253,9,161.0,0.14131631626125812,9,161.0
350.0,11,194.0,4.4882678920526144,11,194.0,0.13050744734991993,11,194.0
355.0,11,242.0,3.9239854829276672,11,242.0,0.10426501062215078,11,242.0
360.0,11,292.0,3.2541546605529206,11,292.0,0.12907233566381676,11,292.0
365.0,6,20.0,2.546025200723054,6,232.0,0.12954360731529055,6,232.0
370.0,6,19.0,3.112535463761485,6,119.0,0.15088777087880456,6,119.0
375.0,6,40.0,4.399253037722554,6,42.0,0.1771398353537836,6,42.0
380.0,7,71.0,5.108447787014827,7,71.0,0.18519566925984987,7,71.0
385.0,10,116.0,4.394157397372061,10,116.0,0.14839113753236038,10,116.0
390.0,13,171.0,3.5801924790727964,13,171.0,0.10763154643022611,13,171.0
395.0,15,240.0,2.410153130274024,15,240.0,0.08309834988990546,15,240.0
400.0,18,321.0,1.5582765246508588,18,321.0,0.02383248074349685,18,321.0
405.0,22,416.0,1.0478096592675303,22,416.0,0.018983020191184106,22,416.0
410.0,13,160.0,0.896052110550024,13,411.0,0.04283602204763129,13,411.0
415.0,5,42.0,2.442265227169174,5,315.0,0.1011705319191985,5,315.0
420.0,1,2.0,4.4188915297002485,1,241.0,0.1801114045987355,1,241.0
425.0,1,7.0,6.0198929231893406,1,153.0,0.256044950420226,1,153.0
430.0,2,15.0,6.464674533488705,2,77.0,0.2657213029265655,2,77.0
435.0,5,31.0,5.9084717126392645,5,48.0,0.21357613701024541,5,48.0
440.0,7,56.0,5.121341066958891,7,56.0,0.16460051621537802,7,56.0
445.0,7,88.0,4.6670445496549195,7,88.0,0.1476018396526619,7,88.0
450.0,10,130.0,2.6603171511501427,10,130.0,0.10918095675235089,10,130.0
455.0,5,20.0,2.0097976584352515,5,106.0,0.11463023149979336,5,106.0
460.0,5,29.0,3.361939551395496,5,63.0,0.15668550821495456,5,63.0
465.0,6,51.0,4.623156914636712,6,62.0,0.1754787208918015,6,62.0
470.0,8,81.0,4.994599963737255,8,81.0,0.13308548627108882,8,81.0
475.0,9,122.0,3.7763862525616463,9,122.0,0.09299889419803456,9,122.0
480.0,12,176.0,1.9842112826809508,12,176.0,0.07294750289318447,12,176.0
485.0,15,243.0,1.2463153236917708,15,243.0,0.07476396662818059,15,243.0
490.0,17,323.0,1.320770372408851,17,323.0,0.052816202849013894,17,323.0
495.0,21,418.0,0.9563330940646787,21,418.0,0.03267998962249754,21,418.0
500.0,14,160.0,0.6503938841666879,14,411.0,0.026531392625501447,14,411.0
505.0,7,63.0,2.082773437602009,7,315.0,0.0763121264660899,7,315.0
510.0,1,13.0,4.505661467516689,1,248.0,0.19068271179688115,1,248.0
515.0,2,18.0,6.329264451720521,2,166.0,0.27457784432890264,2,166.0
520.0,2,26.0,5.903278961354269,2,89.0,0.2368188443305621,2,89.0
525.0,4,44.0,6.418415982848408,4,55.0,0.20860129796529384,4,55.0
530.0,5,64.0,5.739135318870556,5,64.0,0.19754414348307164,5,64.0
535.0,6,88.0,4.6825508897334895,6,88.0,0.14492186373285004,6,88.0
540.0,6,118.0,4.379680333039395,6,118.0,0.17541538004877774,6,118.0
545.0,1,3.0,3.465913509697901,1,63.0,0.17722678846868792,1,63.0
550.0,3,16.0,4.19842499089866,3,18.0,0.2242446820104074,3,18.0
555.0,5,36.0,4.769267661999689,5,36.0,0.18905746045638586,5,36.0
560.0,7,65.0,5.02399010669345,7,65.0,0.16045967744839723,7,65.0
565.0,9,107.0,3.2477125873305446,9,107.0,0.12152576965732492,9,107.0
570.0,12,162.0,2.4574117082832703,12,162.0,0.09884627361172252,12,162.0
575.0,14,230.0,2.121175250372764,14,230.0,0.07595558789533545,14,230.0
580.0,18,310.0,1.4952115610281707,18,310.0,0.042522722233532,18,310.0
585.0,20,405.0,0.848364146452693,20,405.0,0.028916809394170233,20,405.0
590.0,14,166.0,0.9459655651412922,14,409.0,0.04643827463124854,14,409.0
595.0,6,52.0,2.479968516778935,6,321.0,0.1063576403018087,6,321.0
600.0,2,18.0,4.48775385570435,2,257.0,0.18878824673554878,2,257.0
605.0,3,30.0,5.739824469997767,3,178.0,0.2390192200849648,3,178.0
610.0,4,47.0,5.739737744306944,4,109.0,0.20392968641041218,4,109.0
615.0,5,72.0,6.025505882276362,5,84.0,0.17424575597672579,5,84.0
620.0,7,97.0,5.397438097129916,7,97.0,0.20345361784664281,7,97.0
625.0,6,124.0,5.029652366563909,6,124.0,0.18126995776588284,6,124.0
630.0,7,156.0,4.180999207716521,7,156.0,0.13121668136756148,7,156.0
635.0,4,21.0,3.287179927137372,4,107.0,0.1700415636348996,4,107.0
640.0,5,13.0,3.136977890674048,5,58.0,0.15625077336637216,5,58.0
645.0,7,31.0,4.070902369432718,7,53.0,0.18140354128472067,7,53.0
650.0,7,58.0,4.399279837528009,7,60.0,0.15524558514302086,7,60.0
655.0,10,98.0,3.808297114198095,10,98.0,0.12536457561583625,10,98.0
660.0,11,148.0,3.232133681118267,11,148.0,0.1014776109006769,11,148.0
665.0,14,211.0,2.4021334622280928,14,211.0,0.08797088117274823,14,211.0
670.0,16,286.0,1.8820399579716414,16,286.0,0.06413453883898583,16,286.0
675.0,18,374.0,0.887929095463843,18,374.0,0.03033521742909318,18,374.0
680.0,14,160.0,1.02637748221692,14,374.0,0.05447314012790261,14,374.0
685.0,8,52.0,2.1201548606843015,8,292.0,0.08560142017536554,8,292.0
690.0,3,23.0,3.961373146904236,3,261.0,0.16520312436254073,3,261.0
695.0,3,38.0,5.781642851337999,3,185.0,0.24259188130793477,3,185.0
700.0,6,61.0,5.884127699165503,6,127.0,0.21635347453412868,6,127.0
705.0,7,91.0,5.449282208104479,7,104.0,0.14445030435780332,7,104.0
710.0,7,121.0,4.787455172118812,7,121.0,0.14939855123070972,7,121.0
715.0,6,151.0,4.855531083519661,6,151.0,0.1713720939374106,6,151.0
720.0,7,184.0,3.4407293781732777,7,184.0,0.1491575186580027,7,184.0
725.0,4,13.0,2.505177857210466,4,127.0,0.14747071464276637,4,127.0
730.0,6,29.0,3.2548224593141457,6,65.0,0.1491585824404953,6,65.0
735.0,8,58.0,3.961210966469436,8,63.0,0.13263297360918866,8,63.0
740.0,10,96.0,4.429398420529428,10,97.0,0.11943316769265477,10,97.0
745.0,12,146.0,3.0410968242090917,12,147.0,0.09038972609094661,12,147.0
750.0,14,208.0,2.236706194883437,14,209.0,0.055739021874196236,14,209.0
755.0,15,280.0,1.048529037072641,15,281.0,0.037895274366844076,15,281.0
760.0,18,365.0,0.7449765727214029,18,366.0,0.044689656431997765,18,366.0
765.0,21,468.0,0.6864947266253772,21,470.0,0.04118144730806103,21,470.0
770.0,15,192.0,0.9461294781214526,15,470.0,0.046162886407471494,15,470.0
775.0,9,79.0,2.241075893671075,9,369.0,0.08899967106132667,9,369.0
780.0,2,20.0,4.475281762445855,2,292.0,0.1880887619995986,2,292.0
785.0,4,35.0,5.489463221408311,4,228.0,0.22271997229995327,4,228.0
790.0,7,62.0,5.496901940845333,7,154.0,0.18975531026045908,7,154.0
795.0,8,96.0,5.444771519007701,8,118.0,0.16089967326480642,8,118.0
800.0,8,131.0,5.361044226101778,8,131.0,0.15046798586773436,8,131.0
805.0,7,166.0,4.675672562267254,7,166.0,0.10052774698273513,7,166.0
810.0,9,208.0,2.9314091700227856,9,208.0,0.11811303291387173,9,208.0
815.0,2,10.0,3.2722790827930046,2,149.0,0.17384001386218842,2,149.0
820.0,3,13.0,3.655933527084251,3,52.0,0.18285960215147645,3,52.0
825.0,4,30.0,4.504876586368059,4,38.0,0.16605126642737586,4,38.0
830.0,7,59.0,4.860914646494395,7,59.0,0.15966355347958405,7,59.0
835.0,10,98.0,3.4052741811315648,10,98.0,0.09953070407381234,10,98.0
840.0,12,148.0,2.783847332591998,12,148.0,0.1054420817982098,12,148.0
845.0,16,215.0,1.9533079385494732,16,215.0,0.09208974204398483,16,215.0
850.0,17,292.0,1.7046833080450574,17,292.0,0.08529749455702294,17,292.0
855.0,21,384.0,1.2670149053433195,21,384.0,0.05968457699790218,21,384.0
860.0,16,185.0,1.3950175932092375,16,392.0,0.07671049315899985,16,392.0
865.0,11,79.0,2.236867539643357,11,326.0,0.09613102250108625,11,326.0
870.0,7,64.0,3.6463616359772506,7,289.0,0.13626664160317026,7,289.0
875.0,8,101.0,4.974209975301331,8,217.0,0.1703303873665757,8,217.0
880.0,9,144.0,5.2656247814277615,9,198.0,0.176308703591364,9,198.0
885.0,10,192.0,5.090676883763683,10,207.0,0.13992334881864926,10,207.0
890.0,11,247.0,4.255538469297801,11,247.0,0.08906768896518753,11,247.0
895.0,13,310.0,3.136726431281036,13,310.0,0.06856651835264359,13,310.0
900.0,14,376.0,1.6914706463199505,14,376.0,0.07582689469906123,14,376.0
905.0,6,93.0,1.744219612393126,6,327.0,0.09647323720876307,6,327.0
910.0,5,23.0,2.9571850566261624,5,226.0,0.14131079133673746,5,226.0
915.0,7,48.0,3.8642499357076003,7,152.0,0.1481915146070411,7,152.0
920.0,9,83.0,4.171139321293781,9,123.0,0.13736982789387925,9,123.0
925.0,10,129.0,4.272617213140571,10,130.0,0.11690043849476887,10,130.0
930.0,14,188.0,3.0829269888466664,14,189.0,0.08509031871409002,14,189.0
935.0,18,259.0,2.397913114402929,18,260.0,0.06339203499957105,18,260.0
940.0,19,342.0,1.8321132090070702,19,343.0,0.04831259827796594,19,343.0
945.0,21,440.0,1.3208138529533149,21,441.0,0.05902507318476601,21,441.0
950.0,14,176.0,1.5445024563181176,14,438.0,0.08537942633231385,14,438.0
955.0,9,72.0,2.5323153656127446,9,349.0,0.1134204283553475,9,349.0
960.0,4,27.0,4.07404646276457,4,286.0,0.1630667353906587,4,286.0
965.0,6,54.0,5.426795478721262,6,219.0,0.1988696888774192,6,219.0
970.0,8,90.0,5.6541078017028745,8,158.0,0.17951548195341932,8,158.0
975.0,10,132.0,5.0340884286756395,10,152.0,0.1019612704540284,10,152.0
980.0,10,177.0,4.218933359182175,10,177.0,0.06999730144920184,10,177.0
985.0,9,222.0,3.247550728181033,9,222.0,0.09982275471139207,9,222.0
990.0,9,267.0,2.346854688722963,9,267.0,0.10906303775143329,9,267.0
995.0,5,56.0,2.5256321589171518,5,219.0,0.11773567284506564,5,219.0
1000.0,4,26.0,3.5144173851536133,4,168.0,0.1798624197229031,4,168.0
1005.0,6,50.0,4.260220468531218,6,128.0,0.16895511053504678,6,128.0
1010.0,8,87.0,4.002613970004843,8,110.0,0.11339951580149203,8,110.0
1015.0,11,135.0,2.7266163672794397,11,135.0,0.08201972836729221,11,135.0
1020.0,14,194.0,1.7291185324369376,14,194.0,0.07502908089260008,14,194.0
1025.0,16,269.0,1.3434228606219678,16,269.0,0.08321961137772119,16,269.0
1030.0,18,355.0,1.4580358764058257,18,355.0,0.07013359932595052,18,355.0
1035.0,23,460.0,1.067070993430899,23,460.0,0.04593393614570229,23,460.0
1040.0,16,199.0,0.8592775469312418,16,467.0,0.041315765887669005,16,467.0
1045.0,9,79.0,2.291640594478686,9,374.0,0.09094194113392086,9,374.0
1050.0,5,41.0,3.964202195337791,5,282.0,0.1388815664636572,5,282.0
1055.0,5,65.0,5.344694347447054,5,237.0,0.20513659835447798,5,237.0
1060.0,5,90.0,6.07567831183073,5,169.0,0.2383379771184994,5,169.0
1065.0,6,117.0,5.846791502385291,6,140.0,0.1862430879116617,6,140.0
1070.0,9,156.0,4.805273282087528,9,156.0,0.08957607968281667,9,156.0
1075.0,11,202.0,3.2472179002415245,11,202.0,0.10267843453931261,11,202.0
1080.0,11,252.0,2.399235783598201,11,252.0,0.12068744481520016,11,252.0
1085.0,4,42.0,3.292054802452975,4,195.0,0.18059409746289454,4,195.0
1090.0,4,22.0,3.2594020559014933,4,98.0,0.16702170883213183,4,98.0
1095.0,6,48.0,4.216883642715981,6,83.0,0.1737752911659875,6,83.0
1100.0,8,86.0,4.742030939656032,8,87.0,0.15682058607961896,8,87.0
1105.0,11,136.0,4.4328597008904165,11,137.0,0.1024498051368804,11,137.0
1110.0,14,198.0,2.732978711853725,14,199.0,0.08004222586439566,14,199.0
1115.0,16,272.0,1.5591220824224281,16,273.0,0.04586508057599092,16,273.0
1120.0,19,360.0,1.151265876550712,19,361.0,0.04696891554629587,19,361.0
1125.0,22,463.0,0.5949087229864999,22,464.0,0.035690628764230355,22,464.0
1130.0,15,199.0,1.1121853683129415,15,467.0,0.05786446385697799,15,467.0
1135.0,9,86.0,1.9886279746634286,9,415.0,0.07821176582670541,9,415.0
1140.0,3,31.0,3.6887589737443207,3,311.0,0.12758472935879125,3,311.0
1145.0,5,51.0,5.245063743739686,5,251.0,0.20781783409433235,5,251.0
1150.0,5,71.0,6.071442447351881,5,165.0,0.24404488816771921,5,165.0
1155.0,5,92.0,6.356927357636426,5,113.0,0.22027766622051295,5,113.0
1160.0,6,121.0,5.456929552942397,6,121.0,0.1514477247768696,6,121.0
1165.0,8,155.0,4.189157687954767,8,155.0,0.1417780562270439,8,155.0
1170.0,9,195.0,2.9294205812928884,9,195.0,0.11782708446689785,9,195.0
1175.0,4,7.0,2.0749487312072517,4,132.0,0.11601588260438063,4,132.0
1180.0,4,22.0,3.6006113664255626,4,45.0,0.17413361598831884,4,45.0
1185.0,7,46.0,4.370887815471286,7,46.0,0.152484882128681,7,46.0
1190.0,8,78.0,4.5450535544132515,8,78.0,0.13466010583375151,8,78.0
1195.0,13,125.0,2.7421294875519795,13,125.0,0.09579771597916516,13,125.0
1200.0,14,185.0,2.2332056041888673,14,185.0,0.08436649676114227,14,185.0
1205.0,16,257.0,1.6991649849821548,16,257.0,0.04966086541414608,16,257.0
1210.0,19,341.0,1.2274389957984801,19,342.0,0.04979927827729369,19,342.0
1215.0,22,442.0,0.36650447029598265,22,443.0,0.022039497551292378,22,443.0
1220.0,14,187.0,1.0163043712023117,14,445.0,0.05067174531655654,14,445.0
1225.0,6,66.0,2.077659947821499,6,353.0,0.07433260438720628,6,353.0
1230.0,3,23.0,3.8035969948360586,3,309.0,0.14132474393684108,3,309.0
1235.0,3,38.0,5.5059263017234406,3,220.0,0.2217232248787641,3,220.0
1240.0,4,54.0,6.284809460481788,4,137.0,0.24452328887624283,4,137.0
1245.0,5,75.0,6.610368728728992,5,95.0,0.20997214409334256,5,95.0
1250.0,5,100.0,6.671446685351206,5,100.0,0.12186344785387059,5,100.0
1255.0,6,125.0,4.837522613074043,6,125.0,0.127009873843349,6,125.0
1260.0,6,150.0,3.942816919738037,6,150.0,0.13219579072933152,6,150.0
1265.0,2,23.0,3.3858277220737047,2,116.0,0.1755461244782662,2,116.0
1270.0,2,10.0,3.6844933896441363,2,55.0,0.19902766312158668,2,55.0
1275.0,4,29.0,3.626564672669874,4,29.0,0.11772415022918449,4,29.0
1280.0,6,58.0,3.5586428767736304,6,58.0,0.11117263500111618,6,58.0
1285.0,8,95.0,2.5583911880424113,8,95.0,0.10355679955845515,8,95.0
1290.0,11,144.0,1.3940595488583376,11,144.0,0.0856073068677049,11,144.0
1295.0,14,209.0,1.4580434527020327,14,209.0,0.06285217076604731,14,209.0
1300.0,17,285.0,1.1463694903519954,17,285.0,0.04474859285698219,17,285.0
1305.0,19,375.0,0.7467124420574696,19,375.0,0.044794605935357175,19,375.0
1310.0,13,144.0,1.06246864523907,13,378.0,0.0547610904306569,13,378.0
1315.0,7,56.0,2.61830075149336,7,292.0,0.12184055833393097,7,292.0
1320.0,2,16.0,4.252795147793921,2,231.0,0.17834219372111684,2,231.0
1325.0,5,33.0,5.468155551609976,5,166.0,0.22113082145951057,5,166.0
1330.0,6,58.0,5.767216345401251,6,113.0,0.22682182370071,6,113.0
1335.0,7,90.0,5.325711256702621,7,102.0,0.14891512214382266,7,102.0
1340.0,10,131.0,5.089223192266296,10,132.0,0.1064107741380849,10,132.0
1345.0,9,176.0,4.41817711606823,9,177.0,0.10564428472011762,9,177.0
1350.0,10,225.0,2.7360112082183905,10,226.0,0.10888478477780458,10,226.0
1355.0,3,7.0,2.0864104364698757,3,179.0,0.12106725432965858,3,179.0
1360.0,3,17.0,3.29075210067638,3,78.0,0.15704572241729658,3,78.0
1365.0,5,35.0,4.422546202795522,5,50.0,0.14894998170765145,5,50.0
1370.0,7,65.0,4.932125111796118,7,65.0,0.11884787140878388,7,65.0
1375.0,9,104.0,3.1861063948981547,9,104.0,0.0862859984711731,9,104.0
1380.0,12,155.0,1.772950903722341,12,155.0,0.08330984789273713,12,155.0
1385.0,14,216.0,1.3332465526342623,14,216.0,0.04882753868860984,14,216.0
1390.0,17,290.0,0.9356293301880498,17,290.0,0.02712515386382924,17,290.0
1395.0,20,377.0,0.4457620982566573,20,377.0,0.02674037781983547,20,377.0
1400.0,14,152.0,0.9363400528822127,14,365.0,0.0465263350934718,14,365.0
1405.0,6,44.0,2.4421979224959935,6,307.0,0.11115675926292515,6,307.0
1410.0,0,0.0,4.355928170951441,0,227.0,0.188008310813711,0,227.0
1415.0,2,6.0,5.361798841439619,2,143.0,0.22004353293506637,2,143.0
1420.0,5,22.0,5.87167355565717,5,86.0,0.2321636481155927,5,86.0
1425.0,5,43.0,6.395749336915766,5,66.0,0.24588617132546975,5,66.0
1430.0,8,70.0,5.26743063736639,8,70.0,0.1513239348585424,8,70.0
1435.0,7,101.0,4.728356355829182,7,101.0,0.17356850424727904,7,101.0
1440.0,10,144.0,2.270278690959211,10,144.0,0.11312871074869833,10,144.0
1445.0,2,15.0,2.190670381837551,2,112.0,0.1264848156685759,2,112.0
1450.0,4,32.0,3.3596145568068994,4,49.0,0.1697813984767123,4,49.0
1455.0,5,54.0,4.706070815702498,5,54.0,0.19908032685855712,5,54.0
1460.0,7,86.0,5.154807904786979,7,86.0,0.14454431842249119,7,86.0
1465.0,10,131.0,4.036413396266563,10,131.0,0.0997078376194337,10,131.0
1470.0,13,190.0,2.165557308167247,13,190.0,0.05506076993536921,13,190.0
1475.0,15,258.0,1.1962355854450784,15,258.0,0.04436936835901328,15,258.0
1480.0,18,343.0,0.7509508590185514,18,343.0,0.04519945153178773,18,343.0
1485.0,22,442.0,0.9513553748248507,22,442.0,0.05710363704769457,22,442.0
1490.0,15,177.0,1.2842978597533103,15,433.0,0.07086995046945083,15,433.0
1495.0,8,71.0,2.1222644275510643,8,338.0,0.0885239904197398,8,338.0
1500.0,4,26.0,3.7680197366552504,4,304.0,0.15470734999928445,4,304.0
1505.0,4,46.0,5.180961566817814,4,201.0,0.1904872558345428,4,201.0
1510.0,5,71.0,5.9472559367354165,5,140.0,0.21619574271935754,5,140.0
1515.0,6,97.0,5.829588291220994,6,117.0,0.18913614540751383,6,117.0
1520.0,7,127.0,5.29888784042031,7,127.0,0.1425539159025581,7,127.0
1525.0,9,160.0,4.3529650385814245,9,160.0,0.11610878121990577,9,160.0
1530.0,11,196.0,3.1542427986987707,11,196.0,0.14150978945102063,11,196.0
1535.0,5,7.0,2.297694909369312,5,137.0,0.13670252661243193,5,137.0
1540.0,6,24.0,3.6138919778038003,6,49.0,0.193981158037447,6,49.0
1545.0,8,50.0,3.978541959853115,8,56.0,0.14803496379522854,8,56.0
1550.0,10,89.0,4.397788368966478,10,90.0,0.10583098824086934,10,90.0
1555.0,12,141.0,3.5247665941785704,12,142.0,0.06303024764771731,12,142.0
1560.0,14,205.0,2.1720561291236504,14,206.0,0.06653869302580598,14,206.0
1565.0,16,278.0,1.2279301989581544,16,279.0,0.07366256508202636,16,279.0
1570.0,18,366.0,1.4377095958278956,18,367.0,0.06443568469673874,18,367.0
1575.0,24,469.0,0.9919808692415886,24,470.0,0.03740528274665678,24,470.0
1580.0,16,205.0,0.5866816257156618,16,479.0,0.024539049860792663,16,479.0
1585.0,10,113.0,1.9142973224752189,10,393.0,0.06270344270220951,10,393.0
1590.0,3,39.0,4.1456610433331145,3,355.0,0.16607806717814905,3,355.0
1595.0,4,56.0,5.544553019451387,4,261.0,0.2235400328447457,4,261.0
1600.0,4,76.0,6.150299062294844,4,176.0,0.22269923903634778,4,176.0
1605.0,6,101.0,6.316999069304372,6,124.0,0.17977732023205414,6,124.0
1610.0,5,126.0,6.053402175929474,5,126.0,0.13977227775954063,5,126.0
1615.0,5,151.0,5.1716476179666335,5,151.0,0.17244586249132487,5,151.0
1620.0,8,181.0,2.7912731145728733,8,181.0,0.1325465780552438,8,181.0
1625.0,2,10.0,2.616169288073071,2,106.0,0.1566924143717268,2,106.0
1630.0,4,26.0,3.672558094053658,4,31.0,0.19717488488866136,4,31.0
1635.0,6,49.0,4.393986734125559,6,49.0,0.19530612398564848,6,49.0
1640.0,8,85.0,4.5365534114578505,8,85.0,0.14899414170988468,8,85.0
1645.0,11,132.0,2.92209810400237,11,132.0,0.07149537097635468,11,132.0
1650.0,13,190.0,2.1201079464427877,13,190.0,0.06845978718427422,13,190.0
1655.0,17,261.0,0.8315811816459728,17,261.0,0.049890383148955775,17,261.0
1660.0,18,347.0,0.8198022794640895,18,347.0,0.049178301107623834,18,347.0
1665.0,22,449.0,0.3050281589645282,22,449.0,0.01829802993188531,22,449.0
1670.0,15,190.0,0.9291696342720266,15,452.0,0.04713325495393587,15,452.0
1675.0,8,81.0,2.114389169580208,8,360.0,0.07840066329600849,8,360.0
1680.0,2,22.0,4.233899591900011,2,286.0,0.17241683498483495,2,286.0
1685.0,3,33.0,5.626261957158744,3,201.0,0.23482429392905502,3,201.0
1690.0,4,50.0,6.30794803204797,4,126.0,0.2585094207082828,4,126.0
1695.0,6,75.0,5.810559769213557,6,98.0,0.20208775358816725,6,98.0
1700.0,7,105.0,5.285883308894006,7,105.0,0.12606024037445002,7,105.0
1705.0,8,140.0,4.5441506217756,8,140.0,0.11479879620879249,8,140.0
1710.0,7,175.0,3.7525833880627557,7,175.0,0.14449227472422177,7,175.0
1715.0,2,6.0,2.788854789394677,2,111.0,0.16559710175307868,2,111.0
1720.0,4,21.0,3.437364625820471,4,46.0,0.166185638208864,4,46.0
1725.0,6,48.0,4.368505901441655,6,48.0,0.1600800144858341,6,48.0
1730.0,8,82.0,4.429143963411639,8,82.0,0.10619207748784087,8,82.0
1735.0,11,129.0,3.3374860016668357,11,129.0,0.11172470486016078,11,129.0
1740.0,13,187.0,2.118818930512418,13,187.0,0.10556523256378149,13,187.0
1745.0,15,257.0,2.0315263422057956,15,257.0,0.07291459079115993,15,257.0
1750.0,17,340.0,1.8971179389962192,17,340.0,0.07047003442425036,17,340.0
1755.0,22,442.0,0.9848146023674937,22,442.0,0.059472651200024186,22,442.0
1760.0,15,187.0,0.8355619624999842,15,448.0,0.041069821923632004,15,448.0
1765.0,11,95.0,1.8817812120284807,11,367.0,0.06725886276076927,11,367.0
1770.0,5,56.0,3.8920174685510633,5,312.0,0.15591477716196137,5,312.0
1775.0,6,84.0,5.287691143913778,6,244.0,0.20558146233508504,6,244.0
1780.0,9,117.0,5.160131010399487,9,189.0,0.17116356971483043,9,189.0
1785.0,8,157.0,5.552147519332309,8,165.0,0.138173172281198,8,165.0
1790.0,10,197.0,4.147851730732706,10,197.0,0.10399946208745547,10,197.0
1795.0,10,241.0,3.964195646467985,10,241.0,0.1373407380731539,10,241.0
1800.0,13,291.0,1.689099047981116,13,291.0,0.07338300416583324,13,291.0
1805.0,7,84.0,2.2315318801948676,7,240.0,0.12864085645257115,7,240.0
1810.0,5,29.0,3.0746146167919353,5,138.0,0.14415627683799936,5,138.0
1815.0,7,53.0,3.869049214246997,7,131.0,0.14192563305738093,7,131.0
1820.0,9,88.0,4.134282941657854,9,112.0,0.13278967412971016,9,112.0
1825.0,12,136.0,3.899240121820811,12,136.0,0.12401467660208296,12,136.0
1830.0,14,197.0,2.588937970685691,14,197.0,0.0653038810549114,14,197.0
1835.0,17,270.0,1.7451433136587269,17,270.0,0.05955719034158807,17,270.0
1840.0,20,358.0,1.0890536874935415,20,358.0,0.039544940223387254,20,358.0
1845.0,23,461.0,0.6514069531844158,23,461.0,0.03911536067937981,23,461.0
1850.0,15,220.0,1.2036638168676972,15,457.0,0.06420932594427203,15,457.0
1855.0,8,79.0,2.426027480945067,8,367.0,0.1054368974953155,8,367.0
1860.0,4,20.0,4.089586477009273,4,296.0,0.1696234390242939,4,296.0
1865.0,5,40.0,5.4143952162958895,5,213.0,0.2186040760816623,5,213.0
1870.0,6,66.0,6.125515215407317,6,144.0,0.2276175917376358,6,144.0
1875.0,7,97.0,5.638230059628335,7,119.0,0.16936649059204864,7,119.0
1880.0,9,137.0,4.281249843237713,9,137.0,0.09616564959906804,9,137.0
1885.0,9,182.0,3.7302301531464677,9,182.0,0.11170884362426069,9,182.0
1890.0,10,228.0,3.073610924907738,10,228.0,0.13619910854027917,10,228.0
1895.0,3,12.0,2.5362368360594822,3,190.0,0.14960534731480804,3,190.0
1900.0,4,24.0,3.243051655212279,4,110.0,0.16316570549513185,4,110.0
1905.0,7,46.0,4.237888904959325,7,50.0,0.15650164031726668,7,50.0
1910.0,7,79.0,4.826315377755322,7,79.0,0.11701687438639549,7,79.0
1915.0,10,122.0,3.942951317142835,10,122.0,0.11156977027411374,10,122.0
1920.0,12,178.0,2.3016154026296287,12,178.0,0.11322497031933637,12,178.0
1925.0,14,247.0,1.6834523001686963,14,247.0,0.05487687625293869,14,247.0
1930.0,18,329.0,1.6055882730288273,18,329.0,0.03242403139963572,18,329.0
1935.0,20,423.0,1.1844675046094693,20,423.0,0.049241886187401614,20,423.0
1940.0,14,163.0,1.048572852713835,14,416.0,0.054023122388671525,14,416.0
1945.0,9,78.0,2.226303653573066,9,329.0,0.09126961108112452,9,329.0
1950.0,3,17.0,4.058982981344464,3,291.0,0.1679506232455474,3,291.0
1955.0,3,32.0,5.367334349009608,3,186.0,0.20699284309060642,3,186.0
1960.0,5,53.0,5.938077744462694,5,118.0,0.21683310311172005,5,118.0
1965.0,6,80.0,6.317696993330728,6,98.0,0.21107101058469624,6,98.0
1970.0,7,112.0,5.286116775111735,7,112.0,0.12307513751272632,7,112.0
1975.0,9,147.0,3.885582917655136,9,147.0,0.12587524419078186,9,147.0
1980.0,8,185.0,3.3965131634795993,8,185.0,0.11844647436813441,8,185.0
1985.0,2,9.0,3.1758622225673956,2,130.0,0.16410246003542886,2,130.0
1990.0,3,20.0,3.8911954204773247,3,61.0,0.20243659050338625,3,61.0
1995.0,5,42.0,4.610772737279979,5,43.0,0.19963890236138698,5,43.0
2000.0,7,74.0,5.0699229524869445,7,74.0,0.18363139224687536,7,74.0
2005.0,9,116.0,3.9745038409721345,9,116.0,0.11678244477263958,9,116.0
2010.0,11,169.0,3.100337737098775,11,169.0,0.06124702669467055,11,169.0
2015.0,15,237.0,1.862681408467161,15,237.0,0.06232848417517534,15,237.0
2020.0,17,318.0,1.0603731810581358,17,318.0,0.038652936297171085,17,318.0
2025.0,19,410.0,1.0023169631091533,19,410.0,0.039332138639262854,19,410.0
2030.0,15,175.0,1.0773663853948816,15,399.0,0.05673209794528656,15,399.0
2035.0,8,53.0,2.1206346735725385,8,312.0,0.08042115916775795,8,312.0
2040.0,2,11.0,3.9316585768154595,2,240.0,0.1491976198815225,2,240.0
2045.0,2,21.0,5.778451965809988,2,161.0,0.23425940198170173,2,161.0
2050.0,3,32.0,6.6508473962150525,3,88.0,0.25770788610035184,3,88.0
2055.0,4,50.0,6.949635883460422,4,66.0,0.25690097907566695,4,66.0
2060.0,5,74.0,5.576119122049662,5,74.0,0.08968234513346379,5,74.0
2065.0,6,103.0,5.156781176877452,6,103.0,0.1607480191484324,6,103.0
2070.0,6,133.0,3.6181327747811607,6,133.0,0.17923977876340855,6,133.0
2075.0,2,4.0,2.6674349443821304,2,92.0,0.15712109307223251,2,92.0
2080.0,4,19.0,3.7809570370752246,4,40.0,0.1859764269919056,4,40.0
2085.0,6,43.0,4.287812631590452,6,43.0,0.15111948071704334,6,43.0
2090.0,9,79.0,3.6820763306165705,9,79.0,0.14203783184262686,9,79.0
2095.0,10,126.0,2.8381946325094956,10,126.0,0.11785981894971698,10,126.0
2100.0,13,184.0,1.9617497504230947,13,184.0,0.07033264685436251,13,184.0
2105.0,16,257.0,2.030867532542101,16,257.0,0.08077872248456013,16,257.0
2110.0,19,340.0,1.501319248776851,19,340.0,0.06636769230662158,19,340.0
2115.0,22,440.0,0.9330907988055586,22,440.0,0.05597853923622718,22,440.0
2120.0,16,184.0,0.8162258429699811,16,447.0,0.04102868105180576,16,447.0
2125.0,10,101.0,2.370006282290499,10,367.0,0.10363246004851012,10,367.0
2130.0,5,42.0,3.7347884821206603,5,308.0,0.13890118080013633,5,308.0
2135.0,6,68.0,5.13011306486203,6,234.0,0.1899972703089185,6,234.0
2140.0,6,98.0,5.949885127761424,6,171.0,0.22833761424207077,6,171.0
2145.0,7,130.0,5.96644532412647,7,150.0,0.18129240621517256,7,150.0
2150.0,9,170.0,4.751768411961799,9,170.0,0.1030484839497281,9,170.0
2155.0,8,210.0,4.34387588024326,8,210.0,0.1425133787546728,8,210.0
2160.0,9,252.0,2.8978594229061385,9,252.0,0.13280441717636193,9,252.0
2165.0,0,0.0,3.338551748525583,0,181.0,0.18489651827613113,0,181.0
2170.0,2,8.0,3.8383906848539833,2,62.0,0.19586622218068592,2,62.0
2175.0,5,27.0,4.85972415982259,5,46.0,0.188269585407539,5,46.0
2180.0,7,56.0,5.241277513661323,7,56.0,0.12702658507302414,7,56.0
2185.0,9,97.0,3.7353579655553593,9,97.0,0.0928568963736886,9,97.0
2190.0,11,150.0,1.271972643839341,11,150.0,0.0763030980107583,11,150.0
2195.0,14,215.0,1.1960107253037127,14,215.0,0.07174629425937085,14,215.0
2200.0,17,292.0,1.21828488912804,17,292.0,0.05020952658532192,17,292.0
2205.0,21,382.0,0.8621719238874549,21,383.0,0.030668014311799826,21,383.0
2210.0,12,143.0,1.1266182079408107,12,382.0,0.05711084110787635,12,382.0
2215.0,7,52.0,2.405948311895924,7,302.0,0.09146879706497485,7,302.0
2220.0,2,21.0,4.416035180906161,2,212.0,0.16002068674104553,2,212.0
2225.0,3,35.0,5.857445458090348,3,142.0,0.20995737984568696,3,142.0
2230.0,4,50.0,6.580593097305762,4,98.0,0.25030484220599153,4,98.0
2235.0,5,66.0,6.127897964357244,5,78.0,0.19301457486233004,5,78.0
2240.0,6,86.0,5.271514304700868,6,86.0,0.1695954404106079,6,86.0
2245.0,5,109.0,4.833398950182739,5,109.0,0.1858751053257655,5,109.0
2250.0,7,138.0,3.3600243407809187,7,138.0,0.15367983909085509,7,138.0
2255.0,3,11.0,2.761066733042479,3,75.0,0.16551399753983,3,75.0
2260.0,4,28.0,3.5555642021372442,4,30.0,0.1789937598873879,4,30.0
2265.0,8,56.0,4.115768549114295,8,56.0,0.13750604806707611,8,56.0
2270.0,9,96.0,4.1365708557383725,9,96.0,0.09252290163829863,9,96.0
2275.0,12,147.0,2.6519810173580605,12,147.0,0.08539609709309415,12,147.0
2280.0,14,211.0,1.4939331824613944,14,211.0,0.0896180673342168,14,211.0
2285.0,17,288.0,1.4669526146528813,17,288.0,0.06449844409005984,17,288.0
2290.0,20,377.0,1.4107596608849364,20,377.0,0.0410363535218407,20,377.0
2295.0,24,483.0,0.7550568590372063,24,483.0,0.020588737915338974,24,483.0
2300.0,16,212.0,1.0198113388928272,16,486.0,0.05326043019689027,16,486.0
2305.0,7,87.0,2.297593946513049,7,387.0,0.09603870443187253,7,387.0
2310.0,3,25.0,4.272493733405894,3,284.0,0.17126459090915463,3,284.0
2315.0,3,40.0,5.634025869787086,3,201.0,0.22593440034560627,3,201.0
2320.0,5,63.0,6.226483413579458,5,145.0,0.21380951585158064,5,145.0
2325.0,6,93.0,6.1052663730640395,6,118.0,0.18992299425806206,6,118.0
2330.0,7,123.0,5.473785555284485,7,123.0,0.11895024791868487,7,123.0
2335.0,6,153.0,4.657424928000811,6,153.0,0.13763610466866052,6,153.0
2340.0,9,188.0,2.567129246003382,9,188.0,0.11639980896033174,9,188.0
2345.0,4,10.0,2.7273282236933087,4,124.0,0.1584980635868104,4,124.0
2350.0,4,29.0,3.772206894196621,4,37.0,0.18217942942059967,4,37.0
2355.0,6,56.0,4.483626055600999,6,57.0,0.1462875512481919,6,57.0
2360.0,9,95.0,3.906816029151109,9,96.0,0.09924574729794892,9,96.0
2365.0,10,144.0,2.256435127349876,10,145.0,0.10649390123276085,10,145.0
2370.0,14,208.0,1.8454573407985717,14,209.0,0.08118842993242921,14,209.0
2375.0,16,284.0,1.735055101181575,16,285.0,0.04915276642637689,16,285.0
2380.0,21,374.0,0.977424526172232,21,375.0,0.03246120192816773,21,375.0
2385.0,23,480.0,0.15722616820409405,23,481.0,0.009431683755494542,23,481.0
2390.0,16,211.0,0.8654311509782776,16,487.0,0.044328516657898165,16,487.0
2395.0,10,126.0,2.427054277277191,10,460.0,0.11979211972253215,10,460.0
2400.0,2,18.0,4.221304349119632,2,345.0,0.18890240424208848,2,345.0
2405.0,4,34.0,5.199543685651265,4,252.0,0.20817235603943432,4,252.0
2410.0,7,63.0,5.579097447692494,7,153.0,0.17742598712084034,7,153.0
2415.0,7,98.0,5.7066710353324686,7,124.0,0.15969650733561455,7,124.0
2420.0,8,138.0,5.097467549173268,8,138.0,0.15648901340885737,8,138.0
2425.0,9,181.0,4.16673002615445,9,181.0,0.12038823154029785,9,181.0
2430.0,10,229.0,2.835252474776481,10,229.0,0.11222700252608973,10,229.0
2435.0,4,27.0,2.3173386812070444,4,184.0,0.13902850393243135,4,184.0
2440.0,5,24.0,3.056861020740592,5,102.0,0.14175568898446875,5,102.0
2445.0,7,49.0,4.030642891042666,7,69.0,0.1283856039064125,7,69.0
2450.0,9,85.0,4.403354123748273,9,85.0,0.11251145238846377,9,85.0
2455.0,11,135.0,3.2676633514624998,11,135.0,0.11732388080463303,11,135.0
2460.0,13,196.0,2.085778994541633,13,196.0,0.10145687433345278,13,196.0
2465.0,17,269.0,2.2420127860872707,17,269.0,0.0675226375968117,17,269.0
2470.0,21,356.0,1.9091644575828453,21,356.0,0.05777019802131612,21,356.0
2475.0,23,457.0,1.2764473105415342,23,457.0,0.05553552323868646,23,457.0
2480.0,15,195.0,1.4933533597036057,15,462.0,0.08334084982303806,15,462.0
2485.0,10,88.0,2.528166522732788,10,375.0,0.1169154435330622,10,375.0
2490.0,7,46.0,3.9350592865666263,7,285.0,0.15637727970843932,7,285.0
2495.0,8,82.0,4.8764332723085095,8,226.0,0.17446492441840464,8,226.0
2500.0,10,128.0,5.076592296740991,10,200.0,0.1711649330322764,10,200.0
2505.0,11,179.0,4.9173992602437675,11,187.0,0.12762559180228178,11,187.0
2510.0,12,234.0,4.280764540427732,12,234.0,0.12331880536929729,12,234.0
2515.0,14,297.0,3.1303861380412634,14,297.0,0.09830404919570092,14,297.0
2520.0,17,370.0,2.468779027059733,17,370.0,0.0877101701087807,17,370.0
2525.0,10,81.0,1.8822614185881688,10,340.0,0.08811242228721214,10,340.0
2530.0,7,25.0,2.5316837145067987,7,230.0,0.11279612085965852,7,230.0
2535.0,5,28.0,4.146535194200575,5,190.0,0.18364688383149413,5,190.0
2540.0,7,51.0,5.08873410300466,7,123.0,0.2044003286991134,7,123.0
2545.0,8,88.0,5.364198573754434,8,99.0,0.16491905125380435,8,99.0
2550.0,11,139.0,4.810527750684851,11,141.0,0.1309066610092456,11,141.0
2555.0,13,198.0,3.6212433941083133,13,198.0,0.07548352900253047,13,198.0
2560.0,16,269.0,2.013069062371122,16,269.0,0.04349520933964828,16,269.0
2565.0,18,353.0,1.1065550982521075,18,353.0,0.043441948400895776,18,353.0
2570.0,11,118.0,1.504689899119873,11,347.0,0.08266074302283674,11,347.0
2575.0,7,39.0,2.908724253978592,7,262.0,0.13829959106575543,7,262.0
2580.0,3,9.0,4.630100365194084,3,199.0,0.20019430913574318,3,199.0
2585.0,5,28.0,5.206092814184677,5,122.0,0.19354908342723673,5,122.0
2590.0,7,56.0,5.550863194505327,7,100.0,0.20397785595782278,7,100.0
2595.0,7,91.0,5.804272324250826,7,101.0,0.20299318918552922,7,101.0
2600.0,10,135.0,4.541379125210289,10,135.0,0.11600508322504176,10,135.0
2605.0,11,188.0,3.473983098777119,11,188.0,0.08418011490254594,11,188.0
2610.0,14,249.0,1.9568608033410233,14,249.0,0.06911397587345762,14,249.0
2615.0,5,65.0,1.9985502168901021,5,220.0,0.09116614040230833,5,220.0
2620.0,4,23.0,3.3314849546500174,4,155.0,0.16803141381013123,4,155.0
2625.0,5,43.0,4.275424511863471,5,111.0,0.16766096698666647,5,111.0
2630.0,8,75.0,4.832915596173641,8,105.0,0.17003114252327337,8,105.0
2635.0,11,118.0,3.620859917280953,11,120.0,0.08347374446995302,11,120.0
2640.0,13,176.0,2.562234400728117,13,177.0,0.05292721583299977,13,177.0
2645.0,17,244.0,1.3174969829980405,17,245.0,0.055176659887959986,17,245.0
2650.0,18,326.0,1.0170269149773785,18,327.0,0.061009413016039495,18,327.0
2655.0,22,424.0,1.0150775751942729,22,425.0,0.06089247601645308,22,425.0
2660.0,17,203.0,1.2184247679902325,17,429.0,0.06713887806512993,17,429.0
2665.0,10,80.0,2.094111781234238,10,348.0,0.08415254783324033,10,348.0
2670.0,5,41.0,3.7029300081780963,5,320.0,0.147849571770405,5,320.0
2675.0,6,69.0,4.970348965934466,6,205.0,0.17210637486424477,6,205.0
2680.0,6,99.0,5.9246346231257565,6,183.0,0.2281289209965537,6,183.0
2685.0,8,135.0,5.6751216911953115,8,155.0,0.17368398244542613,8,155.0
2690.0,9,179.0,5.071851797297683,9,179.0,0.12549634224608475,9,179.0
2695.0,10,224.0,4.077917495297708,10,224.0,0.14402441162960558,10,224.0
2700.0,11,273.0,2.751789966724271,11,273.0,0.1080088706080765,11,273.0
2705.0,3,13.0,2.866002265274094,3,211.0,0.14711993249287053,3,211.0
2710.0,2,9.0,3.7571131851524577,2,83.0,0.1955293611473807,2,83.0
2715.0,5,28.0,4.921282257078118,5,42.0,0.19848371662580158,5,42.0
2720.0,7,58.0,5.062801433820465,7,58.0,0.13906764343778724,7,58.0
2725.0,10,99.0,3.266163942320825,10,99.0,0.07176159887776054,10,99.0
2730.0,12,151.0,1.6936005536911711,12,152.0,0.05006358166898226,12,152.0
2735.0,14,217.0,0.9554105670515187,14,218.0,0.05731317138881333,14,218.0
2740.0,16,294.0,1.2411930675577216,16,295.0,0.07445669271492034,16,295.0
2745.0,21,386.0,1.0174087752950838,21,387.0,0.06103232005369427,21,387.0
2750.0,16,151.0,1.309887647994873,16,391.0,0.07101257642888378,16,391.0
2755.0,9,69.0,2.4687584044494715,9,315.0,0.10852543623020895,9,315.0
2760.0,5,46.0,3.9322911566235175,5,288.0,0.15981980001676738,5,288.0
2765.0,8,77.0,4.449419899785467,8,227.0,0.16102131524568578,8,227.0
2770.0,8,117.0,5.521974905638016,8,185.0,0.19911683598725757,8,185.0
2775.0,9,158.0,5.596423390600545,9,173.0,0.16364717306511722,9,173.0
2780.0,11,204.0,4.514875656795116,11,204.0,0.08946663838001594,11,204.0
2785.0,11,254.0,3.821341868756867,11,254.0,0.07645087630170638,11,254.0
2790.0,12,305.0,2.5833206732680614,12,305.0,0.10594554242476839,12,305.0
2795.0,4,27.0,2.473459706460006,4,250.0,0.14446086301993905,4,250.0
2800.0,4,15.0,3.32597000645401,4,120.0,0.16720153946006358,4,120.0
2805.0,6,34.0,4.373070625546139,6,81.0,0.1895263169276,6,81.0
2810.0,7,64.0,5.159490932046083,7,75.0,0.18765450756421168,7,75.0
2815.0,9,106.0,4.386996106067492,9,106.0,0.13425612742089085,9,106.0
2820.0,11,161.0,3.3757105828200618,11,161.0,0.10536865494720712,11,161.0
2825.0,15,229.0,2.4389899206274235,15,229.0,0.06895749582609853,15,229.0
2830.0,18,310.0,1.6062479591264225,18,311.0,0.07738518343323857,18,311.0
2835.0,22,406.0,1.027387331916242,22,407.0,0.06163091373222809,22,407.0
2840.0,14,168.0,1.2680268646712385,14,413.0,0.06758752856697657,14,413.0
2845.0,10,83.0,2.462011103735826,10,340.0,0.10458119869280445,10,340.0
2850.0,6,58.0,3.6873682724482126,6,290.0,0.1279365019164719,6,290.0
2855.0,8,95.0,4.529585955545187,8,237.0,0.1609751986839281,8,237.0
2860.0,8,135.0,5.357215110692172,8,195.0,0.19378950430516836,8,195.0
2865.0,9,178.0,5.378495146326666,9,183.0,0.1587215165411496,9,183.0
2870.0,12,228.0,4.328607259851748,12,228.0,0.08175844014635403,12,228.0
2875.0,11,283.0,3.9806248329226754,11,283.0,0.11417530164652145,11,283.0
2880.0,12,340.0,2.4943659154931406,12,340.0,0.0994468429013201,12,340.0
2885.0,5,33.0,2.4658701058624257,5,287.0,0.1461165768524374,5,287.0
2890.0,3,13.0,3.228482249348078,3,148.0,0.162655100461487,3,148.0
2895.0,5,32.0,4.65081032521571,5,88.0,0.20445304481413595,5,88.0
2900.0,7,64.0,5.1218518973176455,7,67.0,0.1803720141344575,7,67.0
2905.0,10,108.0,4.550582739456071,10,108.0,0.10659384889546025,10,108.0
2910.0,12,163.0,3.3436890596944355,12,163.0,0.07865892534163402,12,163.0
2915.0,15,231.0,2.4595929002367156,15,232.0,0.08657308043288611,15,232.0
2920.0,18,312.0,1.3808913630874584,18,313.0,0.057133409107031484,18,313.0
2925.0,20,407.0,1.0745336117616924,20,408.0,0.04275032063281317,20,408.0
2930.0,14,162.0,1.7567202139776772,14,410.0,0.08131500510424247,14,410.0
2935.0,7,57.0,2.561779903219526,7,319.0,0.11521897211610593,7,319.0
2940.0,5,13.0,3.9403271776414712,5,258.0,0.15354143812396812,5,258.0
2945.0,5,36.0,5.114714834946975,5,207.0,0.20579396658155694,5,207.0
2950.0,6,64.0,5.343259400711237,6,129.0,0.18240589211786595,6,129.0
2955.0,7,99.0,5.25677458740562,7,116.0,0.1606082836529738,7,116.0
2960.0,9,140.0,5.352479502899329,9,140.0,0.12857762560996538,9,140.0
2965.0,10,188.0,3.9974732265961936,10,188.0,0.15768120990230733,10,188.0
2970.0,14,246.0,1.9270172837944732,14,246.0,0.06808892256904872,14,246.0
2975.0,8,47.0,1.9564159304743942,8,223.0,0.09031606919772191,8,223.0
2980.0,3,29.0,3.026398471681336,3,128.0,0.1448209311014397,3,128.0
2985.0,6,54.0,4.342429303897038,6,90.0,0.16450889785275602,6,90.0
2990.0,8,90.0,4.885282068137212,8,112.0,0.1644903327969813,8,112.0
2995.0,10,136.0,3.9299581531234673,10,136.0,0.08978592287549747,10,136.0
3000.0,12,195.0,2.5668722404479856,12,195.0,0.0452096664690522,12,195.0
3005.0,18,269.0,0.988752750813204,18,269.0,0.032198474402267016,18,269.0
3010.0,19,355.0,0.5781793088530538,19,355.0,0.035016099205818135,19,355.0
3015.0,21,455.0,0.654805739438653,21,455.0,0.039302537086652864,21,455.0
3020.0,13,184.0,1.5161343570873496,13,447.0,0.08514085762515687,13,447.0
3025.0,8,72.0,2.3851156279860315,8,347.0,0.09788015778073209,8,347.0
3030.0,2,14.0,4.550714459949646,2,247.0,0.18583325453692973,2,247.0
3035.0,4,32.0,5.627077630237223,4,174.0,0.20511246159615065,4,174.0
3040.0,5,52.0,6.244170901104254,5,126.0,0.24487045128611376,5,126.0
3045.0,4,72.0,6.640523108129457,4,79.0,0.21999351257998812,4,79.0
3050.0,5,92.0,5.402452824023815,5,92.0,0.12434246301537719,5,92.0
3055.0,5,112.0,4.584764651458936,5,112.0,0.15554564333824397,5,112.0
3060.0,8,134.0,2.9496921394893234,8,134.0,0.12638517371502342,8,134.0
3065.0,3,12.0,3.012842707265997,3,72.0,0.18021155079571233,3,72.0
3070.0,6,29.0,3.4117213508841266,6,29.0,0.1722565694566778,6,29.0
3075.0,7,55.0,4.046939164542046,7,55.0,0.16674933882619866,7,55.0
3080.0,9,91.0,4.129381306857264,9,91.0,0.13692504669625366,9,91.0
3085.0,13,141.0,3.0065848780097375,13,141.0,0.09099163418878521,13,141.0
3090.0,15,202.0,1.9248230484595954,15,202.0,0.07019842458642538,15,202.0
3095.0,17,279.0,1.729170239376941,17,280.0,0.08475886982319557,17,280.0
3100.0,19,366.0,1.5864769021618823,19,367.0,0.07838559281990154,19,367.0
3105.0,24,473.0,0.9996930247555346,24,474.0,0.04054258852105628,24,474.0
3110.0,17,214.0,1.0337672783101548,17,482.0,0.0545238613035484,17,482.0
3115.0,9,90.0,2.1906274109536152,9,396.0,0.09450371196707283,9,396.0
3120.0,5,57.0,3.8382100764544056,5,366.0,0.16337611837479377,5,366.0
3125.0,8,89.0,4.661490263839999,8,290.0,0.17015514637578624,8,290.0
3130.0,10,130.0,4.730975955980354,10,210.0,0.15934982065756337,10,210.0
3135.0,10,175.0,5.097529962247317,10,198.0,0.15744855741647637,10,198.0
3140.0,10,224.0,4.859989908217137,10,224.0,0.11360287028298179,10,224.0
3145.0,10,274.0,3.7730385937889936,10,274.0,0.0954674678715092,10,274.0
3150.0,12,329.0,2.4506543472305626,12,329.0,0.09754139168202351,12,329.0
3155.0,8,96.0,2.205416153161615,8,278.0,0.1284459121567268,8,278.0
3160.0,5,35.0,2.942224349605471,5,197.0,0.1314354615339593,5,197.0
3165.0,6,47.0,4.082548234867473,6,186.0,0.17259884307536077,6,186.0
3170.0,8,82.0,4.510083509928575,8,130.0,0.17339409867547362,8,130.0
3175.0,10,129.0,4.022565725510511,10,143.0,0.1280002635564865,10,143.0
3180.0,13,189.0,3.476970754712305,13,189.0,0.06805545908636337,13,189.0
3185.0,16,262.0,2.6876141692402404,16,262.0,0.05990451770399383,16,262.0
3190.0,18,346.0,1.492610760144556,18,346.0,0.06536316368440703,18,346.0
3195.0,22,446.0,0.5942337711495921,22,446.0,0.03564689688959761,22,446.0
3200.0,15,193.0,0.9955732706398577,15,456.0,0.05140660849184243,15,456.0
3205.0,10,113.0,2.3229885530465397,10,415.0,0.10585488792286282,10,415.0
3210.0,4,42.0,3.8099877597789087,4,338.0,0.15553686108649883,4,338.0
3215.0,6,68.0,4.99180983580592,6,240.0,0.1819247800506579,6,240.0
3220.0,7,98.0,5.793771635893784,7,172.0,0.20685266536724528,7,172.0
3225.0,7,130.0,6.03357737585829,7,151.0,0.1776515396801903,7,151.0
3230.0,8,165.0,5.492353589165325,8,165.0,0.1488461525321784,8,165.0
3235.0,7,200.0,4.216157506096435,7,200.0,0.12723834033609996,7,200.0
3240.0,10,241.0,2.524811416123893,10,241.0,0.10618429702248679,10,241.0
3245.0,3,13.0,2.293975030415135,3,176.0,0.1101114305501409,3,176.0
3250.0,4,28.0,3.5018489988265746,4,59.0,0.1737735268716191,4,59.0
3255.0,8,53.0,4.191970186864014,8,53.0,0.1428130946957988,8,53.0
3260.0,9,89.0,4.3121165949933955,9,89.0,0.09319826629433876,9,89.0
3265.0,12,138.0,3.2548448442036393,12,138.0,0.09522108231937848,12,138.0
3270.0,16,198.0,1.3503950448245785,16,198.0,0.0598826277373821,16,198.0
3275.0,17,270.0,0.938384474685202,17,270.0,0.035414976024567175,17,270.0
3280.0,20,355.0,0.8393645802385455,20,355.0,0.05035180607537227,20,355.0
3285.0,23,456.0,0.9201697702973856,23,456.0,0.05519914638856543,23,456.0
3290.0,18,245.0,0.930556031736139,18,455.0,0.04684952758522801,18,455.0
3295.0,10,99.0,2.0011799678999105,10,372.0,0.07292663726005655,10,372.0
3300.0,3,31.0,3.9593339026557497,3,337.0,0.16450103663883878,3,337.0
3305.0,4,50.0,5.137400087940361,4,247.0,0.19534942603048036,4,247.0
3310.0,6,75.0,5.845536652519382,6,174.0,0.21198849186739177,6,174.0
3315.0,8,103.0,5.73168384259471,8,127.0,0.18925853775702203,8,127.0
3320.0,9,137.0,4.6444494434486865,9,137.0,0.10859771039387021,9,137.0
3325.0,10,179.0,3.2313631081780185,10,179.0,0.10911678109238104,10,179.0
3330.0,11,230.0,2.336315672663632,11,230.0,0.1182866653160763,11,230.0
3335.0,4,22.0,3.1826487433614226,4,178.0,0.1738239993616239,4,178.0
3340.0,3,11.0,3.5575070200866583,3,83.0,0.18272447970570177,3,83.0
3345.0,6,33.0,4.499095663244993,6,60.0,0.17781466235893162,6,60.0
3350.0,8,68.0,4.971577384732795,8,75.0,0.13302572223864428,8,75.0
3355.0,10,114.0,3.9703601210173205,10,114.0,0.10611517928689213,10,114.0
3360.0,12,171.0,2.7235599967044806,12,171.0,0.07060021118687586,12,171.0
3365.0,15,240.0,1.4839531384137639,15,240.0,0.06511508690474857,15,240.0
3370.0,17,322.0,1.1341473292556579,17,322.0,0.0414848929684205,17,322.0
3375.0,21,421.0,0.9259073289821729,21,421.0,0.028180230637028944,21,421.0
3380.0,15,174.0,0.5781704029473014,15,429.0,0.021932646438808646,15,429.0
3385.0,7,71.0,2.041591624969677,7,341.0,0.062122083489239144,7,341.0
3390.0,1,14.0,4.445786681768325,1,295.0,0.17708318551289157,1,295.0
3395.0,1,19.0,5.981367004821911,1,177.0,0.23727817144938446,1,177.0
3400.0,1,24.0,7.379805593149718,1,96.0,0.29663058125194813,1,96.0
3405.0,1,29.0,8.30317346729692,1,49.0,0.3422679330173292,1,49.0
3410.0,3,36.0,7.393798449306078,3,36.0,0.23415914870790047,3,36.0
3415.0,2,46.0,5.4860548432468965,2,46.0,0.12881135465461516,2,46.0
3420.0,3,60.0,4.724199083574914,3,60.0,0.2110682956201594,3,60.0
3425.0,3,5.0,3.1950635429291987,3,18.0,0.19807603214594582,3,18.0
3430.0,4,16.0,3.384568670556692,4,16.0,0.1674521386484595,4,16.0
3435.0,7,35.0,3.616525187306111,7,35.0,0.14911117002152416,7,35.0
3440.0,9,67.0,3.2125074559358238,9,67.0,0.1456349937134921,9,67.0
3445.0,11,112.0,2.568142488028088,11,112.0,0.12607903736549705,11,112.0
3450.0,12,168.0,2.5523377571838597,12,168.0,0.08025403213831961,12,168.0
3455.0,14,236.0,2.2069133636262093,14,236.0,0.06557822510895127,14,236.0
3460.0,17,317.0,1.765710311248669,17,317.0,0.08004599142500245,17,317.0
3465.0,21,413.0,0.6420843066723667,21,413.0,0.038517372395356395,21,413.0
3470.0,15,169.0,0.807738609239961,15,416.0,0.03862028401871698,15,416.0
3475.0,10,91.0,1.7989750463793557,10,374.0,0.06751421943428233,10,374.0
3480.0,3,36.0,4.030237303862407,3,309.0,0.16542693793120108,3,309.0
3485.0,3,51.0,5.6140566417816755,3,224.0,0.2336437453340622,3,224.0
3490.0,4,70.0,6.33806839518183,4,137.0,0.21696776180920155,4,137.0
3495.0,5,90.0,6.665485311350881,5,108.0,0.22790751861977365,5,108.0
3500.0,4,110.0,6.1385906495508085,4,110.0,0.15573953137428823,4,110.0
3505.0,6,134.0,4.345880146556566,6,134.0,0.10368631645160614,6,134.0
3510.0,7,164.0,2.6018293520423157,7,164.0,0.12841333292745172,7,164.0
3515.0,2,0.0,2.746838434252755,2,87.0,0.1638005621279902,2,87.0
3520.0,4,8.0,3.710526790943295,4,20.0,0.19327656051822045,4,20.0
3525.0,6,24.0,4.4345381463192135,6,28.0,0.1939290078349631,6,28.0
3530.0,6,52.0,4.5590451676525525,6,53.0,0.14813340131809682,6,53.0
3535.0,8,92.0,4.191275749895024,8,93.0,0.12883067843993234,8,93.0
3540.0,11,141.0,3.210770441776427,11,142.0,0.08766934520304587,11,142.0
3545.0,13,201.0,2.801201737822721,13,202.0,0.07622366520565194,13,202.0
3550.0,16,276.0,1.8020603269561946,16,277.0,0.06156116786635779,16,277.0
3555.0,18,362.0,1.2872647808999127,18,363.0,0.05298321135894984,18,363.0
3560.0,15,152.0,1.1351357599320848,15,362.0,0.058267578963247225,15,362.0
3565.0,10,61.0,2.258929085056359,10,285.0,0.08654704292735352,10,285.0
3570.0,3,19.0,4.162030714925106,3,226.0,0.15680963322220587,3,226.0
3575.0,3,34.0,5.7189011226872895,3,177.0,0.22691383683760666,3,177.0
3580.0,5,54.0,6.017859684231537,5,106.0,0.20686163152767498,5,106.0
3585.0,6,79.0,6.344729246098161,6,92.0,0.1903862306642871,6,92.0
3590.0,6,105.0,5.6172030666610775,6,105.0,0.16169377931081652,6,105.0
3595.0,6,135.0,5.239395118333944,6,135.0,0.1589304533962111,6,135.0
3600.0,7,165.0,2.9428137067020503,7,165.0,0.1370326283618676,7,165.0
3605.0,3,23.0,2.3132072517214186,3,145.0,0.09443476061569901,3,145.0
3610.0,3,22.0,4.0151195290169746,3,90.0,0.19154280267028492,3,90.0
3615.0,5,39.0,4.074472230791736,5,55.0,0.18470838615179433,5,55.0
3620.0,6,65.0,4.482389391032428,6,65.0,0.1557351276145359,6,65.0
3625.0,9,104.0,4.07242369841838,9,104.0,0.12796101460335937,9,104.0
3630.0,11,155.0,2.1950017917973366,11,156.0,0.07978512321417541,11,156.0
3635.0,14,219.0,1.7564643787540941,14,220.0,0.08148005777849782,14,220.0
3640.0,17,298.0,1.7259572541319286,17,299.0,0.07988987453540702,17,299.0
3645.0,19,388.0,1.3513332116980166,19,390.0,0.05584169539009724,19,390.0
3650.0,15,152.0,1.2399343970033139,15,389.0,0.06754524214847078,15,389.0
3655.0,11,77.0,2.0771012841302796,11,319.0,0.0816330749673226,11,319.0
3660.0,6,56.0,3.5831944330773506,6,302.0,0.13952878864807508,6,302.0
3665.0,7,90.0,4.671136902646497,7,225.0,0.16590060708911486,7,225.0
3670.0,7,125.0,5.708114648280668,7,184.0,0.20025051764296342,7,184.0
3675.0,8,161.0,5.463203118113102,8,178.0,0.16700982313651513,8,178.0
3680.0,9,205.0,5.153690549108517,9,205.0,0.10903842805659993,9,205.0
3685.0,10,251.0,3.586163355213877,10,251.0,0.11925115014562622,10,251.0
3690.0,12,307.0,1.7627227072262772,12,307.0,0.07877502492146524,12,307.0
3695.0,4,41.0,2.3603312404951007,4,253.0,0.1149941345931317,4,253.0
3700.0,4,21.0,3.247458401260997,4,135.0,0.1615331545583608,4,135.0
3705.0,6,47.0,4.570778984025937,6,84.0,0.19125455193680277,6,84.0
3710.0,7,81.0,5.037441481959256,7,81.0,0.14353147850285272,7,81.0
3715.0,11,124.0,3.408150685421985,11,124.0,0.07392938281314806,11,124.0
3720.0,13,182.0,2.672004708330847,13,182.0,0.0920440999424702,13,182.0
3725.0,15,254.0,1.6297471872155074,15,254.0,0.09855824099115079,15,254.0
3730.0,19,337.0,1.5333933396626043,19,337.0,0.05556996970569806,19,337.0
3735.0,22,438.0,1.3548660872324723,22,438.0,0.04360780256533774,22,438.0
3740.0,14,183.0,1.054921691014476,14,442.0,0.05498390412685961,14,442.0
3745.0,10,82.0,1.8959984752301964,10,357.0,0.06761530491451773,10,357.0
3750.0,4,35.0,3.7715992465263652,4,295.0,0.13549631482945268,4,295.0
3755.0,4,55.0,5.212941849057836,4,240.0,0.20483520619449117,4,240.0
3760.0,5,75.0,6.073670318756146,5,147.0,0.23873969133003228,5,147.0
3765.0,6,99.0,5.915498547497335,6,119.0,0.20943504874777302,6,119.0
3770.0,9,134.0,5.452029000086318,9,134.0,0.10486687659675874,9,134.0
3775.0,10,175.0,4.035922469775746,10,175.0,0.10708955064973016,10,175.0
3780.0,12,222.0,2.2823878928028187,12,222.0,0.10742192220482662,12,222.0
3785.0,4,18.0,2.3007567060261462,4,171.0,0.1323861606826963,4,171.0
3790.0,3,22.0,3.5202434712374324,3,73.0,0.17713342956537706,3,73.0
3795.0,5,45.0,4.644557028707017,5,55.0,0.19481199225836035,5,55.0
3800.0,8,80.0,4.700690835558405,8,84.0,0.14362019268296475,8,84.0
3805.0,10,126.0,3.7978547629483494,10,127.0,0.06883717819880199,10,127.0
3810.0,12,183.0,2.127717362719556,12,184.0,0.05680439954993064,12,184.0
3815.0,15,254.0,1.1223412466980511,15,255.0,0.04643218270018412,15,255.0
3820.0,18,338.0,0.9122139374048799,18,339.0,0.05472189186591959,18,339.0
3825.0,21,436.0,0.8409662153794051,21,437.0,0.05044788334609508,21,437.0
3830.0,16,207.0,1.0790622709970559,16,436.0,0.056595387560850655,16,436.0
3835.0,9,77.0,2.218510698802549,9,389.0,0.09829090504262945,9,389.0
3840.0,4,33.0,3.8165909799000683,4,318.0,0.15645435851383352,4,318.0
3845.0,5,58.0,5.348707821743674,5,220.0,0.20407282331827387,5,220.0
3850.0,7,85.0,5.756066881277357,7,171.0,0.22183547708404744,7,171.0
3855.0,7,117.0,5.89838531281275,7,136.0,0.17333832517773745,7,136.0
3860.0,8,152.0,5.255268328405846,8,152.0,0.11888591529151095,8,152.0
3865.0,9,187.0,4.400183406059439,9,187.0,0.13539901104586416,9,187.0
3870.0,10,228.0,2.3429348975092528,10,228.0,0.11307799013215354,10,228.0
3875.0,3,13.0,2.8499283383307774,3,166.0,0.17536389936291705,3,166.0
3880.0,4,31.0,3.7013826804716516,4,91.0,0.1980778509272211,4,91.0
3885.0,6,57.0,4.545408016007117,6,57.0,0.19093541845750334,6,57.0
3890.0,8,92.0,4.455113991314095,8,92.0,0.1122248849143551,8,92.0
3895.0,10,141.0,3.590757289372915,10,141.0,0.09434476139871201,10,141.0
3900.0,12,200.0,2.2003393745977324,12,200.0,0.06563332973787797,12,200.0
3905.0,16,273.0,1.598237679372902,16,273.0,0.0732567575815432,16,273.0
3910.0,18,358.0,1.1599980736197615,18,358.0,0.04960459542070265,18,358.0
3915.0,20,455.0,0.8928676488512147,20,455.0,0.03476167010111883,20,455.0
3920.0,15,181.0,0.8143123503919107,15,450.0,0.03777527896480566,15,450.0
3925.0,8,72.0,2.1093084867366643,8,353.0,0.07748501889360579,8,353.0
3930.0,2,21.0,4.352792344356967,2,280.0,0.17950527141560116,2,280.0
3935.0,3,33.0,5.663861096914026,3,192.0,0.22934134666931985,3,192.0
3940.0,5,50.0,6.423684337269976,5,134.0,0.24220635838919163,5,134.0
3945.0,7,72.0,5.877277246360897,7,91.0,0.17586165453925254,7,91.0
3950.0,5,97.0,6.259358049705038,5,97.0,0.17866549475045893,5,97.0
3955.0,5,122.0,5.031659880835061,5,122.0,0.16384387082693613,5,122.0
3960.0,6,150.0,3.7537276085245126,6,150.0,0.1627536525756485,6,150.0
3965.0,2,6.0,3.3392481087932047,2,84.0,0.1796355283630246,2,84.0
3970.0,3,17.0,3.326324066818291,3,20.0,0.16145348240782173,3,20.0
3975.0,6,39.0,4.389436830999031,6,39.0,0.1739414766693015,6,39.0
3980.0,8,72.0,4.8288403246851495,8,72.0,0.1670725026975583,8,72.0
3985.0,10,118.0,3.687276411734743,10,118.0,0.1481274536770824,10,118.0
3990.0,12,176.0,2.813083642589256,12,176.0,0.09607864765427736,12,176.0
3995.0,17,246.0,1.4009243506750062,17,246.0,0.038109893494506226,17,246.0
4000.0,19,330.0,1.5743624768389732,19,330.0,0.053711002131742,19,330.0
4005.0,20,425.0,0.8810130846219957,20,425.0,0.05285021503431288,20,425.0
4010.0,15,174.0,1.5427722231659569,15,426.0,0.085122384259005,15,426.0
4015.0,9,59.0,2.4341123943302456,9,340.0,0.10654960216230563,9,340.0
4020.0,5,33.0,4.01982701472637,5,280.0,0.15833361005172555,5,280.0
4025.0,6,59.0,5.122509234858962,6,190.0,0.18754737660639015,6,190.0
4030.0,7,92.0,5.56688566865081,7,155.0,0.21147044804619486,7,155.0
4035.0,8,131.0,5.421565179637239,8,150.0,0.18144032730324477,8,150.0
4040.0,10,180.0,4.508331896961325,10,180.0,0.08554055854261225,10,180.0
4045.0,13,236.0,3.4168477376479136,13,236.0,0.061075021573516436,13,236.0
4050.0,12,296.0,2.5830724068238182,12,296.0,0.08821594950049133,12,296.0
4055.0,7,56.0,2.169051475921478,7,257.0,0.12365844137863903,7,257.0
4060.0,4,22.0,3.4739875357345245,4,155.0,0.1707156639146246,4,155.0
4065.0,5,34.0,4.864227717850857,5,101.0,0.17879008330717627,5,101.0
4070.0,7,66.0,4.947075960782148,7,97.0,0.14429268878688728,7,97.0
4075.0,10,110.0,3.8312690251437522,10,118.0,0.10996791939939775,10,118.0
4080.0,12,165.0,2.884671456447588,12,166.0,0.06424211104786409,12,166.0
4085.0,15,232.0,2.2073479071379927,15,233.0,0.07237997125933851,15,233.0
4090.0,17,313.0,1.430262168489489,17,315.0,0.08579857039529025,17,315.0
4095.0,21,408.0,0.839388320371511,21,410.0,0.05035322857657534,21,410.0
4100.0,17,167.0,0.9281355654954695,17,418.0,0.04733663064941514,17,418.0
4105.0,11,83.0,2.213253252268135,11,346.0,0.08975285131165138,11,346.0
4110.0,6,57.0,3.8311997134471514,6,266.0,0.14558830950042212,6,266.0
4115.0,8,89.0,4.677552222882699,8,237.0,0.1665630588370461,8,237.0
4120.0,9,133.0,4.925122152992982,9,192.0,0.16270201895585276,9,192.0
4125.0,13,187.0,4.415221604946842,13,202.0,0.11865067617806183,13,202.0
4130.0,13,249.0,3.999992717228662,13,249.0,0.10592692180580199,13,249.0
4135.0,16,317.0,2.508950094244295,16,317.0,0.06635751769435766,16,317.0
4140.0,16,387.0,2.4096041458470134,16,387.0,0.0732739197330806,16,387.0
4145.0,6,77.0,1.8930743934044167,6,338.0,0.10803786173805503,6,338.0
4150.0,3,11.0,3.132210334591956,3,206.0,0.1562392057649726,3,206.0
4155.0,5,27.0,4.286045069200613,5,133.0,0.18029984038871896,5,133.0
4160.0,7,52.0,4.961417069561088,7,90.0,0.1658105787293548,7,90.0
4165.0,8,90.0,4.9466210088694895,8,90.0,0.15358556452379007,8,90.0
4170.0,10,139.0,4.095465212317991,10,139.0,0.12314421495070726,10,139.0
4175.0,13,199.0,2.8688579656025013,13,199.0,0.07475897097529667,13,199.0
4180.0,15,271.0,2.1144870919692047,15,271.0,0.06346886164747494,15,271.0
4185.0,19,358.0,1.3734825645534925,19,358.0,0.06304275565941099,19,358.0
4190.0,13,122.0,0.7628501900263445,13,350.0,0.03482690971540094,13,350.0
4195.0,8,51.0,1.986623923636229,8,276.0,0.0646179769010927,8,276.0
4200.0,2,21.0,4.200000993315447,2,242.0,0.16717430224602867,2,242.0
4205.0,2,31.0,6.009504157393105,2,151.0,0.24586055211812508,2,151.0
4210.0,3,43.0,6.326854785010102,3,93.0,0.2554448667100274,3,93.0
4215.0,3,58.0,6.182231307284519,3,65.0,0.19956983158366953,3,65.0
4220.0,6,79.0,5.592963866197897,6,79.0,0.20789618233623922,6,79.0
4225.0,6,104.0,4.66247014087494,6,104.0,0.15369347520129847,6,104.0
4230.0,9,138.0,3.1864156041157283,9,138.0,0.14003868166000422,9,138.0
4235.0,2,10.0,3.054916645817667,2,74.0,0.18554810399219634,2,74.0
4240.0,4,27.0,3.541754835446712,4,41.0,0.17619368623963083,4,41.0
4245.0,7,54.0,3.930712339716347,7,54.0,0.14055135879602054,7,54.0
4250.0,9,95.0,4.2412301452556225,9,95.0,0.11501804810322017,9,95.0
4255.0,11,147.0,2.8656912259918492,11,147.0,0.07896457573635957,11,147.0
4260.0,14,210.0,1.907156377928953,14,210.0,0.07016747535100892,14,210.0
4265.0,18,288.0,1.0065137403407696,18,288.0,0.036886509831488216,18,288.0
4270.0,20,377.0,0.9320216250074904,20,377.0,0.03441848971577002,20,377.0
4275.0,23,479.0,0.6036384599767207,23,479.0,0.03621106538552614,23,479.0
4280.0,15,207.0,0.9905937418946825,15,481.0,0.04887904115026605,15,481.0
4285.0,7,80.0,2.1758645992992465,7,383.0,0.07929153667218515,7,383.0
4290.0,2,18.0,4.345514606569972,2,335.0,0.18317732286191632,2,335.0
4295.0,3,30.0,5.6990413081449995,3,237.0,0.23235893406884958,3,237.0
4300.0,6,46.0,5.70782460634116,6,126.0,0.20238836333468335,6,126.0
4305.0,6,68.0,6.006719428279081,6,93.0,0.19104676915148128,6,93.0
4310.0,6,93.0,5.568676805825268,6,93.0,0.18986565528433672,6,93.0
4315.0,5,118.0,4.861951093512988,5,118.0,0.18574591806530255,5,118.0
4320.0,9,158.0,1.7178859551782995,9,158.0,0.08101489568297222,9,158.0
4325.0,4,21.0,2.2782496261875465,4,108.0,0.13086328033472933,4,108.0
4330.0,5,32.0,3.393346575926254,5,67.0,0.16373145397468414,5,67.0
4335.0,7,58.0,4.200391709941652,7,64.0,0.15695971302195022,7,64.0
4340.0,10,96.0,4.3712961515142625,10,96.0,0.15734017197324995,10,96.0
4345.0,12,146.0,3.5975704356807032,12,146.0,0.11559319986392509,12,146.0
4350.0,14,208.0,3.1240250083490584,14,208.0,0.08177454280542366,14,208.0
4355.0,17,282.0,2.039241757567099,17,282.0,0.05052239139716936,17,282.0
4360.0,19,369.0,1.0702675089899376,19,369.0,0.01971610953363421,19,369.0
4365.0,22,471.0,0.7170806405490058,22,471.0,0.021080482588097846,22,471.0
4370.0,15,226.0,1.0523973531026847,15,466.0,0.054750211146603465,15,466.0
4375.0,8,108.0,2.447210582003799,8,402.0,0.1138145228555305,8,402.0
4380.0,1,4.0,3.932042512502078,1,320.0,0.1637368245316325,1,320.0
4385.0,3,19.0,5.201687255567986,3,224.0,0.20968956641699246,3,224.0
4390.0,4,38.0,5.938507020343446,4,141.0,0.22925761807307357,4,141.0
4395.0,6,64.0,5.990608001175179,6,89.0,0.2084952263613357,6,89.0
4400.0,8,96.0,4.826954971438633,8,96.0,0.09241890264047624,8,96.0
4405.0,11,139.0,3.751296731906284,11,139.0,0.12029930644383069,11,139.0
4410.0,11,188.0,2.5229914777624676,11,188.0,0.12281215398356211,11,188.0
4415.0,7,48.0,2.1258991760469272,7,159.0,0.12353690161479738,7,159.0
4420.0,5,19.0,3.3324922611481127,5,114.0,0.16999064810545292,5,114.0
4425.0,6,33.0,4.428298397155013,6,111.0,0.19445758774793503,6,111.0
4430.0,8,63.0,4.843572430487415,8,104.0,0.18770732790806527,8,104.0
4435.0,10,104.0,4.6654822320019615,10,111.0,0.15932589069245837,10,111.0
4440.0,14,158.0,3.7898960998498588,14,159.0,0.10136206028767657,14,159.0
4445.0,17,225.0,2.6287757458110876,17,226.0,0.051420424280682664,17,226.0
4450.0,17,307.0,1.8198708748261467,17,308.0,0.07324545107023661,17,308.0
4455.0,20,400.0,0.9575274982401941,20,401.0,0.05744016186203922,20,401.0
4460.0,15,163.0,1.4009444641096198,15,406.0,0.07839611188196988,15,406.0
4465.0,10,75.0,2.293181731365744,10,333.0,0.1022923055430257,10,333.0
4470.0,6,45.0,3.5964928442758954,6,308.0,0.1492748025893504,6,308.0
4475.0,8,81.0,4.560714451394225,8,250.0,0.18048368799417092,8,250.0
4480.0,11,125.0,4.652830555825249,11,204.0,0.16287810205811862,11,204.0
4485.0,12,182.0,5.024093491342263,12,201.0,0.1479994858718026,12,201.0
4490.0,14,248.0,4.2276081739926115,14,248.0,0.07142997142314658,14,248.0
4495.0,16,322.0,3.105233416945134,16,322.0,0.07054985311873052,16,322.0
4500.0,17,400.0,1.7074311865411538,17,400.0,0.07667722944523221,17,400.0
4505.0,8,108.0,1.6584350734430184,8,367.0,0.09032741927080157,8,367.0
4510.0,5,30.0,2.945238747369114,5,245.0,0.1386530730165793,5,245.0
4515.0,7,54.0,4.153369028331823,7,155.0,0.16225957602503305,7,155.0
4520.0,11,89.0,4.591190852329471,11,106.0,0.13328656112060688,11,106.0
4525.0,13,136.0,4.3080920327004195,13,137.0,0.10019050934835291,13,137.0
4530.0,15,195.0,3.4773275139282083,15,196.0,0.09908461549721675,15,196.0
4535.0,16,266.0,2.4081023500244956,16,268.0,0.07982460470233198,16,268.0
4540.0,17,348.0,1.8225138002129961,17,350.0,0.06332466785591649,17,350.0
4545.0,23,447.0,0.7036495911271302,23,449.0,0.01909440206336269,23,449.0
4550.0,15,186.0,1.0752625622040588,15,451.0,0.05615392936817489,15,451.0
4555.0,9,102.0,2.3214579216452735,9,363.0,0.09692098229476727,9,363.0
4560.0,4,38.0,4.176365381828462,4,273.0,0.15753022029451488,4,273.0
4565.0,5,61.0,5.4003599112567775,5,202.0,0.19552662904954032,5,202.0
4570.0,7,89.0,5.582474460828156,7,161.0,0.20385054771061403,7,161.0
4575.0,6,119.0,5.769140744690694,6,140.0,0.19764388369210997,6,140.0
4580.0,9,154.0,4.834568855803225,9,154.0,0.14094556445532805,9,154.0
4585.0,9,197.0,3.899839752222267,9,197.0,0.1457555284583864,9,197.0
4590.0,10,245.0,3.4338342295206106,10,245.0,0.1512444611922309,10,245.0
4595.0,3,13.0,2.7205200795270628,3,180.0,0.16098950476438012,3,180.0
4600.0,5,35.0,3.3769186571517844,5,104.0,0.17277385983282403,5,104.0
4605.0,7,65.0,4.562992287918216,7,82.0,0.19111975529440772,7,82.0
4610.0,9,106.0,4.775373582179257,9,107.0,0.13989051192651886,9,107.0
4615.0,11,159.0,3.705298774007114,11,160.0,0.06612389575161848,11,160.0
4620.0,14,225.0,2.845741927577864,14,226.0,0.06913521190712525,14,226.0
4625.0,18,304.0,1.2469211349710774,18,305.0,0.05248389454225697,18,305.0
4630.0,20,396.0,1.2288764286998264,20,397.0,0.05185218467044865,20,397.0
4635.0,24,505.0,1.1295854582716593,24,506.0,0.04823834482028322,24,506.0
4640.0,15,219.0,1.748995958830331,15,504.0,0.08152077606681175,15,504.0
4645.0,9,87.0,2.3594972967075614,9,399.0,0.1004069735910213,9,399.0
4650.0,4,22.0,3.9000973389181626,4,295.0,0.1481530432832319,4,295.0
4655.0,5,46.0,5.4430113433849145,5,216.0,0.2158552113824498,5,216.0
4660.0,8,77.0,5.851803572114798,8,166.0,0.21666432134742875,8,166.0
4665.0,9,117.0,5.209053895993731,9,145.0,0.15576664917088956,9,145.0
4670.0,9,162.0,4.7777445304402155,9,163.0,0.1380128023197763,9,163.0
4675.0,9,207.0,4.149217970182867,9,207.0,0.12878889419229658,9,207.0
4680.0,12,256.0,1.990823360359387,12,256.0,0.09141773735726398,12,256.0
4685.0,4,11.0,1.9068282468451547,4,211.0,0.10716386824389615,4,211.0
4690.0,6,32.0,2.8230863692032875,6,110.0,0.12410568768248405,6,110.0
4695.0,8,63.0,4.278776067502059,8,86.0,0.1559534677310595,8,86.0
4700.0,10,103.0,4.379475871537435,10,103.0,0.12164391302012512,10,103.0
4705.0,13,158.0,3.4484140557228784,13,158.0,0.09965136732692387,13,158.0
4710.0,15,224.0,2.29778803014515,15,224.0,0.07646938322466398,15,224.0
4715.0,17,302.0,1.1685932012160958,17,302.0,0.04545264386063505,17,302.0
4720.0,20,395.0,1.51824149374401,20,395.0,0.042918850795995715,20,395.0
4725.0,23,502.0,0.845702990287499,23,502.0,0.03117605225738385,23,502.0
4730.0,15,223.0,1.1887518390455172,15,506.0,0.06402035797114107,15,506.0
4735.0,8,93.0,2.201198110312767,8,405.0,0.08461107953291569,8,405.0
4740.0,3,29.0,4.124418174648047,3,335.0,0.15867583458692952,3,335.0
4745.0,4,47.0,5.608714167253004,4,268.0,0.22672866458321547,4,268.0
4750.0,6,68.0,5.995670088203315,6,157.0,0.20856697165927304,6,157.0
4755.0,5,93.0,6.248926130475138,5,119.0,0.19993762569346588,5,119.0
4760.0,6,118.0,5.363112191395064,6,118.0,0.16153366418518333,6,118.0
4765.0,8,146.0,4.130194078248275,8,146.0,0.15405074805319965,8,146.0
4770.0,10,181.0,2.5302496440904942,10,181.0,0.1334949433837836,10,181.0
4775.0,4,11.0,2.3979559267041473,4,121.0,0.1419177755532482,4,121.0
4780.0,5,29.0,3.3394128404210925,5,37.0,0.17039950653084188,5,37.0
4785.0,7,57.0,4.2874684254145805,7,57.0,0.17725737909738334,7,57.0
4790.0,9,95.0,4.432160787036453,9,95.0,0.12564042561536923,9,95.0
4795.0,14,147.0,3.2581211632727975,14,147.0,0.07980907113419829,14,147.0
4800.0,14,210.0,2.4834348816333542,14,210.0,0.0627784613677603,14,210.0
4805.0,16,286.0,1.533692794082546,16,286.0,0.04969951314224629,16,286.0
4810.0,20,375.0,0.7145266105930921,20,375.0,0.04398793263798896,20,375.0
4815.0,24,482.0,0.483718894232855,24,482.0,0.02901737541280112,24,482.0
4820.0,16,212.0,1.3358328262620394,16,485.0,0.07375025277744213,16,485.0
4825.0,8,91.0,2.6727947781261534,8,427.0,0.1327987348226569,8,427.0
4830.0,4,31.0,4.021615344618028,4,320.0,0.16553806694690043,4,320.0
4835.0,6,59.0,4.756101759198886,6,242.0,0.16683353978202245,6,242.0
4840.0,8,98.0,5.217055472239392,8,181.0,0.17123224149692773,8,181.0
4845.0,8,138.0,5.50194777476216,8,163.0,0.1796443048430079,8,163.0
4850.0,9,179.0,5.201843183358408,9,180.0,0.15553875244170134,9,180.0
4855.0,10,227.0,4.126935523899223,10,227.0,0.11657284164757171,10,227.0
4860.0,11,282.0,2.769678271077089,11,282.0,0.11338995773246836,11,282.0
4865.0,5,31.0,2.3455807419441643,5,230.0,0.1360204615599362,5,230.0
4870.0,4,19.0,3.2067945825635036,4,121.0,0.15154533803342848,4,121.0
4875.0,6,43.0,4.16113274853191,6,90.0,0.1590062366383251,6,90.0
4880.0,8,78.0,4.410593294110802,8,97.0,0.15257265252154673,8,97.0
4885.0,10,125.0,3.637043488618101,10,125.0,0.11670324548354782,10,125.0
4890.0,12,182.0,3.291202014057043,12,182.0,0.071884143173805,12,182.0
4895.0,16,253.0,2.2624614899528477,16,253.0,0.07506288943454636,16,253.0
4900.0,19,338.0,1.29374012156008,19,338.0,0.054562662182199455,19,338.0
4905.0,24,441.0,0.8387193150321608,24,441.0,0.028775174663720048,24,441.0
4910.0,17,186.0,0.8291059505269542,17,445.0,0.04146967575688373,17,445.0
4915.0,8,83.0,2.4492959778112064,8,356.0,0.10722466707667493,8,356.0
4920.0,3,29.0,4.282728423796014,3,258.0,0.16398119388842097,3,258.0
4925.0,4,46.0,5.629149118285726,4,208.0,0.21926432695187642,4,208.0
4930.0,5,70.0,6.182415209160417,5,142.0,0.2314896510755883,5,142.0
4935.0,5,95.0,6.066835905965129,5,114.0,0.17662543699705227,5,114.0
4940.0,6,125.0,5.67446037012826,6,125.0,0.11563244121755706,6,125.0
4945.0,7,155.0,4.396729070495483,7,155.0,0.13362636370797093,7,155.0
4950.0,8,187.0,2.604306554874423,8,187.0,0.12767585064317022,8,187.0
4955.0,2,6.0,3.0900233827902612,2,125.0,0.15742894663977644,2,125.0
4960.0,5,23.0,3.3274199866399568,5,29.0,0.15232994354515095,5,29.0
4965.0,6,45.0,4.3016942234878615,6,46.0,0.15308842268695444,6,46.0
4970.0,8,78.0,3.8619480260243995,8,79.0,0.09374985639810829,8,79.0
4975.0,9,123.0,2.102186842886372,9,125.0,0.09515587634837319,9,125.0
4980.0,13,178.0,1.414814982161201,13,180.0,0.050102618269402883,13,180.0
4985.0,15,245.0,1.2314940560010872,15,247.0,0.04117220727935935,15,247.0
4990.0,18,323.0,0.5154744109182908,18,325.0,0.030922280199057642,18,325.0
4995.0,20,416.0,0.5047966005723158,20,418.0,0.030281739686401667,20,418.0
5000.0,13,154.0,1.1120532455016725,13,412.0,0.05727228279916016,13,412.0
5005.0,6,54.0,2.600256589967943,6,313.0,0.11083655910937526,6,313.0
